,age,trestbps,chol,thalach,oldpeak,target,sex_0,sex_1,cp_0,cp_1,cp_2,cp_3,fbs_0,fbs_1,restecg_0,restecg_1,restecg_2,exang_0,exang_1,slope_0,slope_1,slope_2,ca_0,ca_1,ca_2,ca_3,ca_4,thal_0,thal_1,thal_2,thal_3
count,303.0,303.0,303.0,303.0,303.0,303.0,303.0,303.0,303.0,303.0,303.0,303.0,303.0,303.0,303.0,303.0,303.0,303.0,303.0,303.0,303.0,303.0,303.0,303.0,303.0,303.0,303.0,303.0,303.0,303.0,303.0
mean,54.366336633663366,131.62376237623764,246.26402640264027,149.64686468646866,1.0396039603960396,0.5445544554455446,0.31683168316831684,0.6831683168316832,0.47194719471947194,0.16501650165016502,0.2871287128712871,0.07590759075907591,0.8514851485148515,0.1485148514851485,0.48514851485148514,0.5016501650165016,0.013201320132013201,0.6732673267326733,0.32673267326732675,0.06930693069306931,0.46204620462046203,0.46864686468646866,0.5775577557755776,0.2145214521452145,0.1254125412541254,0.066006600660066,0.0165016501650165,0.006600660066006601,0.0594059405940594,0.5478547854785478,0.38613861386138615
std,9.082100989837857,17.5381428135171,51.83075098793003,22.905161114914094,1.1610750220686348,0.4988347841643913,0.46601082333962385,0.46601082333962385,0.5000382473951351,0.3718094956443383,0.45317058897934615,0.2652883312869679,0.35619787492797644,0.35619787492797644,0.5006061501873533,0.5008244028681619,0.11432489313489194,0.46979446452231655,0.4697944645223165,0.2543954947188794,0.49938217243855904,0.49984151532804405,0.49476528899029365,0.41116900704315157,0.33173397261046084,0.24870437773781928,0.12760519292790795,0.08110982416280911,0.23677393771377486,0.498527984197826,0.48766840249169385
min,29.0,94.0,126.0,71.0,0.0,0.0,0.0,0.0,0.0,0.0,0.0,0.0,0.0,0.0,0.0,0.0,0.0,0.0,0.0,0.0,0.0,0.0,0.0,0.0,0.0,0.0,0.0,0.0,0.0,0.0,0.0
25%,47.5,120.0,211.0,133.5,0.0,0.0,0.0,0.0,0.0,0.0,0.0,0.0,1.0,0.0,0.0,0.0,0.0,0.0,0.0,0.0,0.0,0.0,0.0,0.0,0.0,0.0,0.0,0.0,0.0,0.0,0.0
50%,55.0,130.0,240.0,153.0,0.8,1.0,0.0,1.0,0.0,0.0,0.0,0.0,1.0,0.0,0.0,1.0,0.0,1.0,0.0,0.0,0.0,0.0,1.0,0.0,0.0,0.0,0.0,0.0,0.0,1.0,0.0
75%,61.0,140.0,274.5,166.0,1.6,1.0,1.0,1.0,1.0,0.0,1.0,0.0,1.0,0.0,1.0,1.0,0.0,1.0,1.0,0.0,1.0,1.0,1.0,0.0,0.0,0.0,0.0,0.0,0.0,1.0,1.0
max,77.0,200.0,564.0,202.0,6.2,1.0,1.0,1.0,1.0,1.0,1.0,1.0,1.0,1.0,1.0,1.0,1.0,1.0,1.0,1.0,1.0,1.0,1.0,1.0,1.0,1.0,1.0,1.0,1.0,1.0,1.0
