,age,sex,cp,trestbps,chol,fbs,restecg,thalach,exang,oldpeak,slope,ca,thal,target
count,303,303,303,303,303,303,303,303,303,303,303,303,303,303
mean,54.36633663,0.683168317,0.9669967,131.6237624,246.2640264,0.148514851,0.528052805,149.6468647,0.326732673,1.03960396,1.399339934,0.729372937,2.313531353,0.544554455
std,9.08210099,0.466010823,1.032052489,17.53814281,51.83075099,0.356197875,0.525859596,22.90516111,0.469794465,1.161075022,0.616226145,1.022606365,0.612276507,0.498834784
min,29,0,0,94,126,0,0,71,0,0,0,0,0,0
25%,47.5,0,0,120,211,0,0,133.5,0,0,1,0,2,0
50%,55,1,1,130,240,0,1,153,0,0.8,1,0,2,1
75%,61,1,2,140,274.5,0,1,166,1,1.6,2,1,3,1
max,77,1,3,200,564,1,2,202,1,6.2,2,4,3,1
